ID,Self_brand_promotion_video,Brand_partnership,Age_restriction,max_video_quality,Video_title,Video_category,Monetization,video_type,Posting_date,Video_of_influencer,Links_present,Video_duration,Subtitles_present,Video_language,No_of_comments,Mentions,Hashtags,No_of_likes,Does_post_include_others_social_media_details,no_of_views,video_link,sponsor_name,video_contains_Pramotion,Content_type
1,0,0,0,1440p,"Day 1/75 | PLAYING CYBERPUNK | BGMI CRATE OPENING DONE | Scout Is Live",Gaming,1,Livestream,2023-12-28,1,1,03:07:36,0,Hindi,62,,"#Bgmi #Scout #Pubg #Nostalgia",28449,1,310233,https://www.youtube.com/live/TY6kQQn9MGM?si=bUtfbFngPCnOyZzk,,0,Game
2,1,1,0,1080p,"EPIC 21 Finishes WWCD In SCRIMS | Solo 7 Finishes",Gaming,1,Longvideo,2023-12-26,1,1,00:07:34,0,Hindi,173,,#Partnership,11017,1,96106,https://youtu.be/M9lpk4eyTvc?si=ifOu3HaPCAAiPLxX,MamaEarth,1,Game
3,0,0,0,1080p,"CRAZY 1v4 In SCHOOL APARTMENTS",Gaming,1,Shortvideo,2023-12-31,1,1,00:00:53,0,Hindi,46,,"#shorts #bgmi #gamingp",10483,1,66596,https://youtube.com/shorts/722nam8C3Tw?si=4J4BrzIiczr1Elmd,,0,Game
4,0,0,0,1440p,"5/75 || THE FINALS || WELCOME TO 2024 || Sc0ut is LIVE | BGMI DONE",Gaming,1,Livestream,2024-01-01,1,1,05:20:02,0,Hindi,32,,"Bgmi,Scout,Pubg,Nostalgia",30728,1,393301,https://www.youtube.com/live/qqzXwAsVNV0?si=xRzL_v6SReOIiJo9,,0,Game
5,0,0,0,1080p,"SOLO 7 KILLS IN SCRIMS | EPIC 1v1 IN THE END",Gaming,1,Longvideo,2023-12-16,1,1,00:07:53,0,Hindi,243,,"scout,bgmi,gaming,pubg,scrims",12114,1,125169,https://youtu.be/S1_xFoJ19Wk?si=VN5D6tLBN1gVbYY7,,0,Game
6,0,0,0,1080p,"*LUCKIEST* UMP GLACIER CRATE OPENING",Gaming,1,Shortvideo,2023-12-30,1,1,00:00:53,0,Hindi,36,," #shorts #bgmi #gaming",10078,1,51901,https://youtube.com/shorts/KhTmvQ7QukE?si=g5B64lS5XvBjVY2L,,0,Game
7,0,0,0,1440p,"Day 4/75 | GETTING INTO NEW YEAR üéâ",Gaming,1,Livestream,2023-12-31,1,1,02:25:50,0,Hindi,87,," #shorts #bgmi #gaming",20752,1,217426,https://www.youtube.com/live/ao8j17y4MvY?si=zYz8Iss__wJ19hEJ,,0,Game
8,0,0,0,1080p,"SOLO Vikendi WIN & INTENSE Miramar Play In SCRIMS",Gaming,1,Longvideo,2023-12-13,1,1,00:07:55,0,Hindi,400,," #shorts #bgmi #gaming",20110,1,191417,https://youtu.be/T_EvB4nv6OE?si=CzNujHafJoOms45g,,0,Game
9,0,0,0,1080p,"X-SUIT, RANVEER SINGH VOICE PACK & SCAR-L CRATE OPENING | *CRAZY*",Gaming,1,Longvideo,2023-12-02,1,1,00:09:07,0,Hindi,350,,"scout,scout bgmi,scout crate opening,scout glacier,scout opening,scout funny,scout bgmi funny,bgmi,bgmi live",30154,1,329952,https://youtu.be/OhUT_n6oAk8?si=B-BCXruU1yasqN9O,,0,Game
10,0,0,0,1080p,"SOLO 8 KILLS IN SCRIMS üò±",Gaming,1,Shortvideo,2023-12-28,1,1,00:01:00,0,Hindi,82,,"#shorts #bgmi #gaming",10722,1,74010,https://youtube.com/shorts/GIs0Ge2JSnc?si=fFRVbt1H8GSYLtAp,,0,Game
11,0,0,0,1080p,"EPIC 1v5 In The End For WWCD | Solo 8 Kills In SCRIMS üò±",Gaming,1,Shortvideo,2023-12-25,1,1,00:00:32,0,Hindi,71,,"#shorts #bgmi #gaming",12177,1,91363,https://youtube.com/shorts/bwoeBMLMRGo?si=PPPTy_6qWeURuaqQ,,0,Game
12,0,0,0,1080p,"Reflex Check ‚úÖ In SCRIMS | ",Gaming,1,Shortvideo,2023-12-24,1,1,00:00:28,0,Hindi,45,,"#shorts #bgmi #gaming",12177,1,8743,https://youtube.com/shorts/JqP5QAVSr3E?si=KLYFuExHOCrIJ9Zw,,0,Game
13,0,0,0,1080p,"EPIC Scrims Frags From Cars",Gaming,1,Shortvideo,2023-12-23,1,1,00:00:37,0,Hindi,55,,"#shorts #bgmi #gaming",11198,1,86442,https://youtube.com/shorts/OJa_tCV-NyM?si=ZwRK6ww0peu8aC9q,,0,Game
14,0,0,0,1080p,"Clutched 2 Squads Consecutively In SCRIMS",Gaming,1,Shortvideo,2023-12-22,1,1,00:00:44,0,Hindi,42,,"#shorts #bgmi #gaming",8345,1,62214,https://youtube.com/shorts/0mj6iDYv_a0?si=532HHtYEQdi45QHq,,0,Game
15,0,0,0,1080p,"DMR Action In SCRIMS",Gaming,1,Shortvideo,2023-12-19,1,1,00:00:33,0,Hindi,65,,"#shorts #bgmi #gaming",13659,1,114189,https://youtube.com/shorts/eDCKPCJg0R0?si=541JXlLHwvKZ51-v,,0,Game
16,0,0,0,1080p,"EPIC 1v2s & Vehicle Tracing In SCRIMS",Gaming,1,Shortvideo,2023-12-18,1,1,00:00:38,0,Hindi,63,,"#shorts #bgmi #gaming",11128,1,101162,https://youtube.com/shorts/ZYlB2OFdwp0?si=p166uJXXWFGPk8LK,,0,Game
17,0,0,0,1080p,"FANTASTIC DMR Action In SCRIMS",Gaming,1,Shortvideo,2023-12-15,1,1,00:00:40,0,Hindi,59,,"#shorts #bgmi #gaming",14029,1,116506,https://youtube.com/shorts/Fi2ZIP60f7Q?si=UyMGoSeawPne9UHg,,0,Game
18,0,0,0,1080p,"CRAZY 1v3 Clutch Lead To SOLO Chicken In SCRIMS",Gaming,1,Shortvideo,2023-12-14,1,1,00:00:38,0,Hindi,36,,"#shorts #bgmi #gaming",8799,1,57810,https://youtube.com/shorts/6ypJlOCLGAY?si=jSvNQG6nnlMQ_5r5,,0,Game
19,0,0,0,1080p,"SPRAY CHECK ‚úÖ| SCRIMS FRAGS",Gaming,1,Shortvideo,2023-12-07,1,1,00:00:27,0,Hindi,112,,"#shorts #bgmi #gaming",21525,1,251553,https://youtube.com/shorts/r_fy2iwbTII?si=OpKD1HvEdXMwJ3Eg,,0,Game
20,0,0,0,1080p,"Folly s Clasp SCAR-L CRATE OPENING |*BEST*|",Gaming,1,Shortvideo,2023-12-04,1,1,00:00:46,0,Hindi,38,,"#shorts #bgmi #gaming",19427,1,125017,https://youtube.com/shorts/T_jhzdaM-6I?si=eT-UOfdXi0-dTE5m,,0,Game
21,0,0,0,1080p,"LUCKIEST Crate Opening Of New X-Suit üò±",Gaming,1,Shortvideo,2023-12-03,1,1,00:01:00,0,Hindi,227,,"#shorts #bgmi #gaming",87378,1,611476,https://youtube.com/shorts/6iaeiojNZjE?si=j3o0IHSNRX3DtysN,,0,Game
22,0,0,0,1080p,"AWP Clutch, Last Kill Without Scope üòé",Gaming,1,Shortvideo,2023-12-01,1,1,00:00:25,0,Hindi,34,,"#shorts #bgmi #gaming",5050,1,35844,https://youtube.com/shorts/xsZMC1VO2ZE?si=fpz7TMebG3d04BMy,,0,Game
24,0,0,0,1440p,"DAY 6/75 | Action Packed BGMI Night With Scout",Gaming,1,Livestream,2024-01-02,1,1,04:27:52,0,Hindi,18,,"Bgmi,Scout,Pubg,Nostalgia",23820,1,283977,https://www.youtube.com/live/W2cjfnq8g-g?si=y8vnVYoyNaRJZvJu,,0,Game
25,0,0,0,1440p,"Day 4/75 | GETTING INTO NEW YEAR üéâ",Gaming,1,Livestream,2023-12-31,1,1,02:25:50,0,Hindi,87,,"Bgmi,Scout,Pubg,Nostalgia",20777,1,218400,https://www.youtube.com/live/ao8j17y4MvY?si=amLce4O6TbIcB6pY,,0,Game
26,0,0,0,1440p,"Day 3/75 | MISS NAHI HOGA EK BHI DIN",Gaming,1,Livestream,2023-12-30,1,1,02:02:03,0,Hindi,99,,"Bgmi,Scout,Pubg,Nostalgia",22598,1,222225,https://www.youtube.com/live/qnEhEXQutw4?si=n-dRfpAhfi9yZ9k0,,0,Game
27,0,0,0,1440p,"Day 2/75 | Cyberpunk 2077 w Scout | BGMI Done",Gaming,1,Livestream,2023-12-29,1,1,03:33:01,0,Hindi,38,,"Bgmi,Scout,Pubg,Nostalgia",24745,1,279236,https://www.youtube.com/live/wAdThr4EzHM?si=Y1gfA_sYH01o2-cj,,0,Game
28,0,0,0,1440p,"Day 1/75 | PLAYING CYBERPUNK | BGMI CRATE OPENING DONE | Scout Is Live",Gaming,1,Livestream,2023-12-28,1,1,03:07:36,0,Hindi,62,,"Bgmi,Scout,Pubg,Nostalgia",28458,1,310632,https://www.youtube.com/live/TY6kQQn9MGM?si=mst5p0OdYKXNsSqk,,0,Game
29,0,0,0,1440p,"100,000 UC Fiore X-Suit CRATE OPENING | BGMI UPDATE 2.9 w Scout",Gaming,1,Livestream,2023-12-01,1,1,03:36:29,0,Hindi,63,,"Bgmi,Scout,Pubg,Nostalgia",36158,1,432900,https://www.youtube.com/live/UsyF4u6NR-g?si=FvYwntJ7IT-UE6vL,PS5,1,Game
30,1,1,0,1440p,"PS5 GIVEAWAY w Scout",Gaming,1,Livestream,2023-12-14,1,1,00:50:57,0,Hindi,205,,"Bgmi,Scout,Pubg,Nostalgia",12145,1,105794,https://www.youtube.com/live/i3-fy_BkZ0E?si=07ns9aFWuWzgstkP,PS5,1,Game
31,0,0,0,1440p,"BGMI ULTIMATE TDM BATTLE NIGHT w SCOUT",Gaming,1,Livestream,2023-12-09,1,1,03:24:46,0,Hindi,188,,"Bgmi,Scout,Pubg,Nostalgia",36824,1,429721,https://www.youtube.com/live/jcvX_4gW8wc?si=d5qvH22QJcI0tQ6q,,0,Game
32,0,0,0,1440p,"CS2 w Scout | BGMI Customs & S8UL 5v5 VALORANT DONE",Gaming,1,Livestream,2023-12-03,1,1,04:06:57,0,Hindi,35,,"Bgmi,Scout,Pubg,Nostalgia",18973,1,259797,https://www.youtube.com/live/XUVsYYiY4kw?si=KXV8Ann_tyCyHClU,,0,Game
33,0,0,0,1440p,"CS 2 NIGHT w Scout | BGMI CUSTOMS DONE",Gaming,1,Livestream,2023-11-29,1,1,05:03:43,0,Hindi,36,,"Bgmi,Scout,Pubg,Nostalgia",23039,1,268972,https://www.youtube.com/live/XQHRMF7p70U?si=9dDUr1GMJ4PGQqtH,,0,Game
34,0,0,0,1440p,"E Football 24 Mobile | BGMI Done | Scout is Live",Gaming,1,Livestream,2023-11-21,1,1,03:52:46,0,Hindi,45,,"Bgmi,Scout,Pubg,Nostalgia",20249,1,213464,https://www.youtube.com/live/sC9kH5TQcI8?si=hUmqgg1NEoZ4FrSJ,,0,Game
35,0,0,0,1440p,"Late Night CS 2 | BGMI Done | Scout is Live",Gaming,1,Livestream,2023-11-14,1,1,05:22:02,0,Hindi,39,,"Bgmi,Scout,Pubg,Nostalgia",19386,1,240853,https://www.youtube.com/live/AFeGRRa6WRU?si=MCsqtPTIB2IGWBHC,,0,Game
36,0,0,0,1440p,"Fortnite | DECEIT 2 Done | PC Nights w Scout",Gaming,1,Livestream,2023-11-13,1,1,03:53:32,0,Hindi,26,,"Bgmi,Scout,Pubg,Nostalgia",11962,1,111998,https://www.youtube.com/live/fosJpkh4zps?si=q345KmPxU3NkOM9X,,0,Game
37,0,0,0,1440p,"FIFA 24 | Spider Man 2 & UFC 5 DONE | PS5 | Scout is Live",Gaming,1,Livestream,2023-11-08,1,1,04:35:38,0,Hindi,19,,"Bgmi,Scout,Pubg,Nostalgia",10795,1,109551,https://www.youtube.com/live/RKywlqlhEyY?si=gp-d_uhUaszITEpt,,0,Game
38,0,0,0,1440p,"net bt",Gaming,1,Livestream,2023-11-07,1,1,02:32:35,0,Hindi,36,,"Bgmi,Scout,Pubg,Nostalgia",10184,1,107675,https://www.youtube.com/live/cKOAGVsKffw?si=D4x0dpgeVRjjaA3F,,0,Game
39,0,0,0,1440p,"Baat-Cheet and BGMI | Scout is Live",Gaming,1,Livestream,2023-11-02,1,1,03:08:58,0,Hindi,52,,"Bgmi,Scout,Pubg,Nostalgia",23621,1,243072,https://www.youtube.com/live/4qDNajmeQfY?si=dFStJrUcRWfA8pFa,,0,Game
40,0,0,0,1080p,"21 Kills WWCD In SCRIMS üî•",Gaming,1,Longvideo,2023-11-30,1,1,00:08:25,0,Hindi,343,,"Bgmi,Scout,Pubg,Nostalgia",22847,1,243072,https://youtu.be/8N-yC4EUM1s?si=-AmBzfl7ggpzx-a0,,0,Game
41,0,0,0,1080p,"EPIC 1v7 In The End Zone | Solo 9 Kills In Scrims",Gaming,1,Longvideo,2023-11-28,1,1,00:09:04,0,Hindi,539,,"Bgmi,Scout,Pubg,Nostalgia",28280,1,292784,https://youtu.be/TZh3XW9E9Jk?si=Mdzp2spHfoHupmyg,,0,Game
42,1,1,0,1080p,"MOYE MOYE In BGMI",Gaming,1,Longvideo,2023-11-25,1,1,00:10:10,0,Hindi,445,,"bgmi funnsuit free bgmi,bgmi x suit,scout controversy,bgmi scrims,scout bgmi live,scout banned,scout pubg ban,scout pubg live",21168,1,192853,https://youtu.be/BbXce_6J1ro?si=EVQLGcOHKpPP76x_,MamaEarth,1,Game
43,1,1,0,1080p,"Are you ready for the #CWC23 Final? | Ind vs Aus",Gaming,1,Longvideo,2023-11-18,1,1,00:09:46,0,Hindi,181,,"life uncut,scout techno gamerz,scout creators meet,YouTubers meet,youtubers meet 2022 vlog,scout valorant,scout valorant vlog,scout raja vlog,scout owais,scout mortal vlog,mortal vlog",7434,1,57165,https://youtu.be/NrVd93DCr1o?si=IGXMcuxIWY1c251R,"ICC Cricket Mobile Game",1,Game
44,1,1,0,1080p,"The Smartest and Powerful Gaming upgrade for you! Unboxing OMEN 16 and gaming review Too!","Tech review",1,Longvideo,2023-10-31,1,1,00:06:36,0,Hindi,127,,"scout,scoutop,scout live,scout bgmi,bgmi banned,scout bgmi banned,bgmi live,bgmi scrims,Pubg live,scout pubg,scout pmwi,pmwi,pmwi india,scout kitty",2734,1,122994,https://youtu.be/_gl0ROGfN24?si=VoLK8R1bbcNXTG5a,HP,1,"Tech Review"
45,0,0,0,1080p,"Trusting The Process - A Documentary By TeamXSpark",Vlog,1,Longvideo,2023-10-12,1,1,00:15:23,0,Hindi,1278,,"cout,scout bgmi,scout crate opening,scout glacier,scout opening,scout funny,scout bgmi funny,bgmi,bgmi live,scout pro gameplay,scout team soul,scout scrims",50104,1,341518,https://youtu.be/r2P5oslSNVE?si=LZX9m9uerUAeidWQ,,0,Vlog
46,0,0,0,1080p,"Exploring The Great Madrid",Vlog,1,Longvideo,2023-10-07,1,1,00:19:51,0,Hindi,636,,"scout creators meet,YouTubers meet,youtubers meet 2022 vlog,scout valorant,scout valorant vlog,scout raja vlog,scout owais,scout mortal vlog,mortal vlog",27079,1,231986,https://youtu.be/NaqkkmHQ-uI?si=VsOYymm2fASJN9M0,,0,Vlog
47,0,0,0,1080p,"He Challenged Me For A JORDAN üò±üò±",Gaming,1,Longvideo,2023-10-03,1,1,00:12:35,0,Hindi,310,,"x suit free bgmi,bgmi x suit,scout controversy,bgmi scrims,scout bgmi live,scout banned,scout pubg ban,scout pubg live",34379,1,331853,https://youtu.be/jt1OmTL714I?si=Zeme8hlUciNkhf2j,,0,Game
48,0,0,0,1080p,"50,000 UC Tidal Embrace M416 Opening & Epic Conqueror Lobby Games",Gaming,1,Longvideo,2023-10-01,1,1,00:12:05,0,Hindi,238,,"x suit free bgmi,bgmi x suit,scout controversy,bgmi scrims,scout bgmi live,scout banned,scout pubg ban,scout pubg live",19993,1,163057,https://youtu.be/r7yGpN4jVwA?si=qaNXb2-zIGYuDeuO,,0,Game
49,0,0,0,1080p,"EPIC 1v5 In SCRIMS ü•µ| #shorts #bgmi #gaming",Gaming,1,Shortvideo,2023-11-27,1,1,00:00:42,0,Hindi,87,,"#shorts #bgmi #gaming",14951,1,135767,https://youtube.com/shorts/bwGrhRb4N88?si=CdC44ssOtcpYccH5,,0,Game
50,0,0,0,1080p,"1v2s In SCRIMS",Gaming,1,Shortvideo,2023-11-22,1,1,00:00:23,0,Hindi,32,,"#shorts #bgmi #gaming",7806,1,56397,https://youtube.com/shorts/e7EfDziV6ms?si=v__On_MVlT7gzdC5,,0,Game
51,0,0,0,1080p,"Cleansing Mode ON ",Gaming,1,Shortvideo,2023-11-17,1,1,00:00:26,0,Hindi,66,,"#shorts #bgmi #gaming",12709,1,98408,https://youtube.com/shorts/xANdIcNf8EI?si=zSkHXNs80OFUxukV,,0,Game
52,0,0,0,1080p,"Kishto Me Aaye, Kishto Me Gaye ",Gaming,1,Shortvideo,2023-11-16,1,1,00:00:18,0,Hindi,44,,"#shorts #bgmi #gaming",9228,1,69816,https://youtube.com/shorts/Jt5Lghb1mSg?si=GdsxyPVBsBQknx73,,0,Game
53,0,0,0,1080p,"King Kohli Forever üëë |#DostsLive #WorldCupOnStar@starsports @YouTubeCreatorsIndia @madinfluence2070",Vlog,1,Shortvideo,2023-11-08,1,1,00:01:00,0,Hindi,119,"@YouTubeCreatorsIndia @madinfluence2070","#shorts #bgmi #gaming",58001,1,482148,https://youtube.com/shorts/OVqyQcFdjaU?si=_j8XK1Eq9fvXzzvA,,0,Vlog
54,0,0,0,1080p,"Kya Ho Rha Hai Bhai Ye üò°|",Gaming,1,Shortvideo,2023-11-04,1,1,00:00:26,0,Hindi,86,,"#shorts #bgmi #gaming",17254,1,124073,https://youtube.com/shorts/k6VgXP6C0OI?si=UAUToOOlyOrckh2_,,0,Game
55,0,0,0,1440p,"Who Can Survive the "Halloween Hunt"?",Gaming,1,Livestream,2023-10-31,1,1,01:29:38,0,Hindi,138,,"#Bgmi #scout #Pubg #Nostalgia",6994,1,58716,https://www.youtube.com/live/9mujFHOBroE?si=WsHcGhpiUJbHp8Dk,,0,Game
56,0,0,0,1440p,"Scrims with The Boys | Scout is Live w BGMI",Gaming,1,Livestream,2023-10-19,1,1,03:15:28,0,Hindi,70,,"#Bgmi #scout #Pubg #Nostalgia",22863,1,281339,https://www.youtube.com/live/-8nVlGKbdxM?si=o2wgS4LTPURupl_W,,0,Game
57,1,1,0,1440p,"From In Game Qualifiers To Top 3 In India | OnePlus Nord 3 5G",Gaming,1,Livestream,2023-10-18,1,1,02:25:13,0,Hindi,73,,"#SCOUT #FeelTheSpark #BGMI",29249,1,275796,https://www.youtube.com/live/70mww3cUcbs?si=A0GmnOnpf2lVIYS8,Oneplus,1,Game
58,0,0,0,1440p,"Party Animals with S8UL | BGMI DONE | Scout Is Live",Gaming,1,Livestream,2023-10-04,1,1,03:53:18,0,Hindi,29,,"#SCOUT #FeelTheSpark #BGMI",23846,1,281651,https://www.youtube.com/live/2mAOQ9PgINk?si=Wfeb5pVC04gnF79o,,0,Game
59,0,0,0,1440p,Reminder.,Gaming,1,Livestream,2023-10-02,1,1,02:13:52,0,Hindi,264,,"#SCOUT #FeelTheSpark #BGMI",82786,1,575805,https://www.youtube.com/live/zUNNmz7Y3hg?si=MqPsRe_0AAOcpv5k,,0,Game
60,0,0,0,1440p,"BGMI + PARTY ANIMALS + COUNTER STRIKE 2 | #1 QUALIFIED FOR SEMIS | Scout is Live.",Gaming,1,Livestream,2023-10-01,1,1,05:05:32,0,Hindi,51,,"#SCOUT #FeelTheSpark #BGMI",30915,1,354471,https://www.youtube.com/live/8n4WK9HXvQk?si=pMYE34-kTKHvQK1P,,0,Game
61,0,0,0,1080p,"Bhaiya Aapke Sath Prank Hua Hai üòÇ",Gaming,1,Longvideo,2023-10-19,1,1,05:05:32,0,Hindi,51,,"#xsuitfreebgmi #bgmi #xsuit #scout #controversy #bgmi #scrimssc #out #bgmi #live #scout #banned #scout #pubg #ban #scout #pubg #live",8154,1,69702,https://youtu.be/YxUklEVrafw?si=bCkMYvuCO-pSLRDC,,0,Game
63,0,0,0,1080p,"MY FIRST EVER MOTO GP EXPERIENCE üèçÔ∏èüèÅ",Vlog,1,Longvideo,2023-09-26,1,1,00:18:31,0,Hindi,371,,"#xsuitfreebgmi #bgmi #xsuit #scout #controversy #bgmi #scrimssc #out #bgmi #live #scout #banned #scout #pubg #ban #scout #pubg #live",19344,1,202327,https://youtu.be/33Pls7ljAic?si=uWVL1EoPQwutVfLv,,0,Vlog
64,0,0,0,1080p,"Luckiest Crate Opening Everü§Ø| 50 Kills Chicken With TX Boys üò±",Gaming,1,Longvideo,2023-09-10,1,1,00:11:34,0,Hindi,574,,"#xsuitfreebgmi #bgmi #xsuit #scout #controversy #bgmi #scrimssc #out #bgmi #live #scout #banned #scout #pubg #ban #scout #pubg #live",46390,1,435968,https://youtu.be/a_HoBd5pU5M?si=Rzn9E09ZMAYNBTAz,,0,Game
65,1,1,0,1080p,"Build your true #GamingTheatre with #OdysseyARK gaming monitor by Samsung | #LiveTheGame","Tech review",1,Longvideo,2023-08-30,1,1,00:07:25,0,Hindi,193,,#LiveTheGame,4921,1,147690,https://youtu.be/FLCBTB0rTAM?si=WIWQRt7QBZ4KiKgT,Samsung,1,"Tech Review"
66,0,0,0,1080p,"‚Çπ100,000 X-Suit Crate Opening & Gifting It To......",Gaming,1,Longvideo,2023-08-27,1,1,00:10:50,0,Hindi,442,,#LiveTheGame,44113,1,462310,https://youtu.be/_MhJRKJ-fhk?si=esJz55niGbr_HO4p,,0,Game
67,0,0,0,1080p,"Luckiest Crate Opening In BGMI History üò±",Gaming,1,Longvideo,2023-08-23,1,1,00:12:11,0,Hindi,505,,"#scout #scoutbgmi #scoutcrateopening #scoutglacier #scoutglaciercrateopening #xsuitcrateopening #scoutxsuitcrateopening #xsuitfreebgmi #bgmixsuit #scoutcontroversy #bgmiscrims #scoutbgmilive #scoutbanned #scoutpubgban #scoutpubglive
",55086,1,501772,https://youtu.be/rBhPS0nuuFk?si=Zx5SkIsj2c1VUIAe,,0,Game
68,1,1,0,1080p,"#LiveTheGame with Samsung Odyssey OLED G9 Gaming Monitor","Tech review",1,Longvideo,2023-08-21,1,1,00:05:27,0,Hindi,158,,#LiveTheGame,6384,1,168022,https://youtu.be/SThN-FzTBms?si=b4QjxGXkKWS22UJe,Samsung,1,"Tech Review"
69,0,0,0,1080p,"‚Çπ15,000 ka DINNER üò±",Vlog,1,Longvideo,2023-08-20,1,1,00:17:34,0,Hindi,3473,,"#scout #scoutvlog #scoutnewvlog #scoutlifeuncut #lifeuncut #scouttechnogamerz #scoutcreatorsmeet #YouTubersmeet #youtubersmeet2022vlog #scoutvalorant #scoutvalorantvlog #scoutrajavlog #scoutowais #scoutmortalvlog #mortalvlog",124149,1,1557688,https://youtu.be/AKleHe-tLUM?si=RP0y6YjSGJGIjnt_,,0,Vlog
70,0,0,0,1080p,"BEST EXPERIENCE TILL DATE üî•",Vlog,1,Longvideo,2023-08-12,1,1,00:11:24,0,Hindi,1383,,"#scoutlifeuncut #lifeuncut #scouttechnogamerz #scoutcreatorsmeet #YouTubersmeet #youtubersmeet2022vlog #scoutvalorant #scoutvalorantvlog #scoutrajavlog #scoutowais #scoutmortalvlog #mortalvlog",80631,1,1278950,https://youtu.be/bVxDY6yhNPw?si=YcXVRJZ1N1tM2773,,0,Vlog
71,0,0,0,1080p,"MADE FOOTBALLERS WEAR INDIAN KURTA!",Vlog,1,Longvideo,2023-08-04,1,1,00:15:47,0,Hindi,564,,"#scoutlifeuncut #lifeuncut #scouttechnogamerz #scoutcreatorsmeet #YouTubersmeet #youtubersmeet2022vlog #scoutvalorant #scoutvalorantvlog #scoutrajavlog #scoutowais #scoutmortalvlog #mortalvlog",35098,1,372171,https://youtu.be/CxyF-cNhRnM?si=kkIDtgSAQ-kIFVHc,,0,Vlog
72,0,0,0,1080p,"Running Car Clutch üò±",Gaming,1,Shortvideo,2023-10-23,1,1,00:00:18,0,Hindi,115,,"#shorts #bgmi #gaming",32035,1,346444,https://youtube.com/shorts/GQB8LcpzkhU?si=8dJUxoi4eGocZHw2,,0,Game
73,0,0,0,1080p,"Quick 1v3 Clutch ü§Ø",Gaming,1,Shortvideo,2023-10-22,1,1,00:00:16,0,Hindi,61,,"#shorts #bgmi #gaming",17555,1,148285,https://youtube.com/shorts/GJ5lSkDvUEI?si=eFQmNThNR82FgS6M,,0,Game
74,0,0,0,1080p,"EPIC END-ZONE FIGHT WITH 2 SQUADS ü•µ",Gaming,1,Shortvideo,2023-10-21,1,1,00:00:39,0,Hindi,172,,"#shorts #bgmi #gaming",94041,1,1027898,https://youtube.com/shorts/rsFP1wbDj1k?si=6NoVcymCZT1CTnmx,,0,Game
75,0,0,0,1080p,"3 Dodge Super Car Crate Opening | *LUCKIEST* üò®",Gaming,1,Shortvideo,2023-10-19,1,1,00:01:56,0,Hindi,156,,"#shorts #bgmi #gaming",671446,1,108519,https://youtube.com/shorts/CWGC6YQcpjY?si=0Yl3u4Gl14aQtYZw,,0,Game
76,0,0,0,1080p,"Men Will Be Men üåöüåù",Vlog,1,Shortvideo,2023-10-11,1,1,00:00:51,0,Hindi,515,,"#shorts #bgmi #gaming",172498,1,1881920,https://youtube.com/shorts/GqyMw4-t7Xs?si=4sumtNZr6dPhDMgU,,0,Vlog
77,0,0,0,1080p,"Game Is Yet To Be Optimized üôÉ",Game,1,Shortvideo,2023-10-10,1,1,00:00:51,0,Hindi,33,,"#shorts #bgmi #gaming",8999,1,71036,https://youtube.com/shorts/vhgCngjfACM?si=SRAkQNdyhXyzvsAd,,0,Game
78,1,1,1,1080p,"#collaboration with @royalstagliveitlarge",Ad,1,Shortvideo,2023-10-08,1,1,00:00:56,0,Hindi,231,@royalstagliveitlarge,"#shorts #bgmi #gaming",8790,1,59578,https://youtube.com/shorts/qp7iTan2ub8?si=v5y3SRsmxqxvkY-I,Royalstag,1,Ad
79,0,0,0,1080p,"Car Spray Is Total Bliss üòç",Gaming,1,Shortvideo,2023-10-08,1,1,00:00:20,0,Hindi,86,,"#shorts #bgmi #gaming",18118,1,157487,https://youtube.com/shorts/p0xQ99CjByE?si=BIDozyktogFSpDsw,,0,Game
80,0,0,0,1080p,"Spray Check In Scrims | 357m Knock üò±ü§Ø",Gaming,1,Shortvideo,2023-10-07,1,1,00:00:20,0,Hindi,86,,"#shorts #bgmi #gaming",15379,1,120490,https://youtube.com/shorts/Z6rY_DqfE6Y?si=qRft_bn_4rvIJ0gm,,0,Game
81,0,0,0,1080p,"Dont Be Cheeky In My Home üò°",Gaming,1,Shortvideo,2023-10-06,1,1,00:00:56,0,Hindi,54,,"#shorts #bgmi #gaming",12269,1,118038,https://youtube.com/shorts/N_SW6laNBlQ?si=E4CP5fMInw9ANSxt,,0,Game
82,0,0,0,1080p,"Kishto Me Aaye Aur Kishto Me Chale Gye | 1v ?",Gaming,1,Shortvideo,2023-10-04,1,1,00:00:43,0,Hindi,72,,"#shorts #bgmi #gaming",14442,1,115216,https://youtube.com/shorts/bhNMu2uizXQ?si=EHSwfvaO708-kYFz,,0,Game
83,0,0,0,1080p,"Tutorial Of How To Not Play ü•≤",Gaming,1,Shortvideo,2023-10-03,1,1,00:00:27,0,Hindi,42,,"#shorts #bgmi #gaming",11904,1,83257,https://youtube.com/shorts/-vVKMTqFnmg?si=t4-AlDTTPVAuh72j,,0,Game
84,0,0,0,1080p,"That Devil Laugh After Clutch üëøüòÇ",Gaming,1,Shortvideo,2023-10-02,1,1,00:00:35,0,Hindi,71,,"#shorts #bgmi #gaming",19319,1,144769,https://youtube.com/shorts/y3VnrnMNwmI?si=FqrGBZoYDIr3XPqN,,0,Game
85,0,0,0,1440p,"COUNTER STRIKE 2 | BGMI DONE | Scout is Live",Gaming,1,Livestream,2023-09-30,1,1,04:58:48,0,Hindi,49,,"#shorts #bgmi #gaming",19520,1,240244,https://www.youtube.com/live/u8DkAsW3bOQ?si=3c_NTnKnsBgXW_Wr,,0,Game
86,0,0,0,1440p,"COUNTER STRIKE 2 | WZ mobile BGMI DONE | sc0ut is LIVE",Gaming,1,Livestream,2023-09-29,1,1,05:24:41,0,Hindi,75,,"#shorts #bgmi #gaming",20983,1,258422,https://www.youtube.com/live/ouOMLgrDyss?si=ZLeB03HDlBuhOwID,,0,Game
87,0,0,0,1440p,"SCOUT VS MORTAL : THE BATTLE OF GIANTS IN @RAIDERSIXOFFICIAL | Live",Gaming,1,Livestream,2023-09-27,1,1,02:00:52,0,Hindi,75,,"#shorts #bgmi #gaming",30390,1,123010,https://www.youtube.com/live/Y1aZMoIelVc?si=R9FeoROuCVmOPUNf,,0,Game
88,0,0,0,1440p,"EAFC 24 IS HERE! üò± - BIGGEST CRATE OPENING WITH A TWIST | Scout is Live",Gaming,1,Livestream,2023-09-23,1,1,03:03:26,0,Hindi,68,,"#shorts #bgmi #gaming",16142,1,174266,https://www.youtube.com/live/Y1aZMoIelVc?si=R9FeoROuCVmOPUNf,,0,Game
89,0,0,0,1440p,"HI DOSTON",Gaming,1,Livestream,2023-09-19,1,1,03:50:21,0,Hindi,75,,"#shorts #bgmi #gaming",23033,1,268723,https://www.youtube.com/live/6eooeXlZEUY?si=CmnujTct8_58Ru5P,,0,Game
90,0,0,0,1440p,"#1 Always Trust The Process | Scout is live w BGMI",Gaming,1,Livestream,2023-09-17,1,1,06:19:09,0,Hindi,63,,"#shorts #bgmi #gaming",31887,1,388316,https://www.youtube.com/live/ZZOVdvZrMCE?si=W0w4BuUgc5IOBcFt,,0,Game
91,0,0,0,1440p,"MORTAL KOMBAT 1 | Tidal Embrace M416 Crate Opening DONE | Scout is Live",Gaming,1,Livestream,2023-09-15,1,1,06:05:11,0,Hindi,59,,"#shorts #bgmi #gaming",35204,1,406501,https://www.youtube.com/live/W0sY-q0zM0A?si=eJZKaApF2sGBcQRc,,0,Game
92,0,0,0,1440p,"34 CD WORLD RECORD DONE || Scout Is Live w BGMI",Gaming,1,Livestream,2023-09-12,1,1,04:51:04,0,Hindi,48,,"#shorts #bgmi #gaming",31076,1,415435,https://www.youtube.com/live/thN41wcy-aI?si=pHb7sIKbQE5KNeIY,,0,Game
93,0,0,0,1440p,"THE GRAND RACE DOMINIC IS BACK | Scout is live w GTA RP",Gaming,1,Livestream,2023-09-10,1,1,04:00:26,0,Hindi,90,,"#shorts #bgmi #gaming",24423,1,268219,https://www.youtube.com/live/CTqO7c2Ipss?si=HhAphgr4DJfrM7PU,,0,Game
94,0,0,0,1440p,"Dom is BACK! | Non-Stop Action Night | Scout is Live",Gaming,1,Livestream,2023-09-07,1,1,05:10:56,0,Hindi,71,,"#shorts #bgmi #gaming",35156,1,445095,https://www.youtube.com/live/5T44cbbUjdY?si=yrsGCAw8uCwgDOYI,,0,Game
95,0,0,0,1440p,"MIDNIGHT CRATE OPENING . | BGMI ||Scout Is Live",Gaming,1,Livestream,2023-09-06,1,1,03:31:18,0,Hindi,103,,"#shorts #bgmi #gaming",32419,1,359956,https://www.youtube.com/live/66SqWUtl9cM?si=nkhOSxgUIEex-_P4,,0,Game
96,0,0,0,1440p,"ROAD TO #20 Conqueror Lobby | Scout is live w BGMI",Gaming,1,Livestream,2023-08-30,1,1,06:12:19,0,Hindi,91,,"#shorts #bgmi #gaming",38622,1,537457,https://www.youtube.com/live/whEAJO4b-1U?si=cxGmqRzjAYJUlpo1,,0,Game
97,0,0,0,1440p,"100,000 UC X-Suit Crate Opening | Scout Is Live w BGMI",Gaming,1,Livestream,2023-08-24,1,1,05:28:34,0,Hindi,102,,"#shorts #bgmi #gaming",56553,1,683753,https://www.youtube.com/live/9L2uND0GTg0?si=d5wG9UV8Xv_0ZB0d,,0,Game
98,0,0,0,1440p,"NFS Payback | BGMI & Fall Guys Done | Scout is Live",Gaming,1,Livestream,2023-08-22,1,1,05:56:28,0,Hindi,41,,"#shorts #bgmi #gaming",34887,1,439985,https://www.youtube.com/live/bDpfYoLU59k?si=wP5SJVgh9nA3Fqyt,,0,Game
99,0,0,0,1440p,"AB KYA KHELE ? | Scout is Live w BGMI",Gaming,1,Livestream,2023-08-19,1,1,04:56:36,0,Hindi,41,,"#shorts #bgmi #gaming",33999,1,406851,https://www.youtube.com/live/PzmwS9WO7fc?si=5EB1OaFTxspUE-Eo,,0,Game
100,0,0,0,1440p,"LONG NIGHT STREAMS ARE BACK | Scout is Live w BGMI",Gaming,1,Livestream,2023-08-18,1,1,06:07:43,0,Hindi,61,,"#shorts #bgmi #gaming",35516,1,378540,https://www.youtube.com/live/7OsgLmuuRZQ?si=YZw7ucfduTHww-i1,,0,Game
101,0,0,0,1080p,"Celebrated My Birthday In Front Of 10,000+ People",Vlog,1,Longvideo,2024-07-31,1,1,00:20:54,0,Hindi,822,,"bgmi#vlog,scout#owais,owais#scout#sensei#vlog,scout#tournament,scout#pubg,scout#Pubg#vlog,scout#op",500,1,324431,https://youtu.be/jGAX8EQtHs8?si=w2MYd8Y7DHh4ESCt,,1,Vlog
102,0,0,0,1080p,"BGMI in Rohit Shetty Universe üò± *EPIC*",Gaming,1,Longvideo,2024-07-24,1,1,00:09:54,0,Hindi,423,,"bgmi#vlog,scout#owais,owais#scout#sensei#vlog,scout#tournament,scout#pubg,scout#Pubg#vlog,scout#op",44671,1,566003,https://youtu.be/jmGQJulBFGE?si=F16_sbz2UtyIW2eY,,1,Game
103,0,0,0,1080p,"When Your Teammate Is Your Biggest Enemy ü•≤",Gaming,1,Longvideo,2024-07-21,1,1,00:10:59,0,Hindi,1082,,"bgmi#vlog,scout#owais,owais#scout#sensei#vlog,scout#tournament,scout#pubg,scout#Pubg#vlog,scout#op",94048,1,1042073,https://youtu.be/57Vk7cuStjM?si=kGxl9jnauVbnYlTe,,0,Game
104,0,0,0,1080p,"Solo 7 Finishes In Scrims | Quick 1v2 ü•µ",Gaming,1,Longvideo,2024-07-17,1,1,00:06:35,0,Hindi,709,,"bgmi#vlog,scout#owais,owais#scout#sensei#vlog,scout#tournament,scout#pubg,scout#Pubg#vlog,scout#op",45798,1,670911,https://youtu.be/NJEqu4Kn48g?si=cm-Ef5PwWfeleeuw,,0,Game
105,0,0,0,1080p,"THIS IS HAPPENING IN BGMI ESPORTS ü§£| Behind the Scenes",Vlog,1,Longvideo,2024-07-14,1,1,00:13:01,0,Hindi,386,,"bgmi#vlog,scout#owais,owais#scout#sensei#vlog,scout#tournament,scout#pubg,scout#Pubg#vlog,scout#op",15781,1,228464,https://youtu.be/_SKDeTQVxTQ?si=otfuUX-c0FQ8LFGh,,0,Vlog
106,0,0,0,1080p,"1 Lakh UC X-Suit Opening & Gifting To MORTAL & SARANG",Gaming,1,Longvideo,2024-07-06,1,1,00:20:44,0,Hindi,674,,"bgmi#vlog,scout#owais,owais#scout#sensei#vlog,scout#tournament,scout#pubg,scout#Pubg#vlog,scout#op",77723,1,1154653,https://youtu.be/HlAjSPYhY9s?si=KiHs1Dg3XfYK-FmS,,0,Game
107,0,0,0,1080p,"BGMI Official Shoot Behind The Scenes",Vlog,1,Longvideo,2024-07-02,1,1,00:11:44,0,Hindi,655,,"bgmi#vlog,scout#owais,owais#scout#sensei#vlog,scout#tournament,scout#pubg,scout#Pubg#vlog,scout#op",41942,1,523457,https://youtu.be/HlAjSPYhY9s?si=KiHs1Dg3XfYK-FmS,,0,Vlog
108,1,1,0,1080p,"Unboxing Samsung Odyssey G8 OLED/#LiveTheGame","Tech review",1,Longvideo,2024-06-30,1,1,00:04:11,0,Hindi,157,,"bgmi#vlog,scout#owais,owais#scout#sensei#vlog,scout#tournament,scout#pubg,scout#Pubg#vlog,scout#op",11536,1,176065,https://youtu.be/8DV9d-fo52Y?si=cSlhdEWi1LGTL_zj,Samsung,1,"Tech review"
109,0,0,0,1080p,"DELHI KI PUBLIC | Mustang üèéÔ∏è",Vlog,1,Longvideo,2024-06-20,1,1,00:08:27,0,Hindi,722,,"bgmi#vlog,scout#owais,owais#scout#sensei#vlog,scout#tournament,scout#pubg,scout#Pubg#vlog,scout#op",34579,1,339416,https://youtu.be/GV3bj3J0Kro?si=BFJ-Q_XwQHVvGevY,,0,Vlog
110,0,0,0,1080p,"This Duo is UNBEATABLE !!!!!",Gaming,1,Longvideo,2024-06-07,1,1,00:07:06,0,Hindi,244,,"bgmi#vlog,scout#owais,owais#scout#sensei#vlog,scout#tournament,scout#pubg,scout#Pubg#vlog,scout#op",18984,1,231220,https://youtu.be/Mnkew6XL5o0?si=C3Q7RIsqzPAhwOSZ,,0,Game
111,0,0,0,1080p,"REAL LIFE BATTLEGROUNDS",Vlog,1,Longvideo,2024-03-25,1,1,00:14:08,0,Hindi,355,,"bgmi#vlog,scout#owais,owais#scout#sensei#vlog,scout#tournament,scout#pubg,scout#Pubg#vlog,scout#op",29692,1,295247,https://youtu.be/1EDkEDOwoCM?si=iJG66kHHabT-_Mol,,0,Vlog
112,0,0,0,1080p,"EPIC 12 hrs, 2 Cities, 2 Amazing Events üò±",Vlog,1,Longvideo,2024-03-17,1,1,00:13:32,0,Hindi,554,,"bgmi#vlog,scout#owais,owais#scout#sensei#vlog,scout#tournament,scout#pubg,scout#Pubg#vlog,scout#op",58778,1,555534,https://youtu.be/vSMk3XMdJYA?si=eSfsdB6gU_QYhp48,,0,Vlog
113,0,0,0,1080p,"Every Boys Morning Problem üòèüò≥",Vlog,1,Longvideo,2024-03-11,1,1,00:20:40,0,Hindi,418,,"bgmi#vlog,scout#owais,owais#scout#sensei#vlog,scout#tournament,scout#pubg,scout#Pubg#vlog,scout#op",41374,1,497710,https://youtu.be/oFpIbKjLlZ4?si=u5wN7i1czjk2biFj,,0,Vlog
114,0,0,0,1080p,"My New 5 Finger Handcam",Vlog,1,Longvideo,2024-03-09,1,1,00:07:17,0,Hindi,682,,"bgmi#vlog,scout#owais,owais#scout#sensei#vlog,scout#tournament,scout#pubg,scout#Pubg#vlog,scout#op",36575,1,381082,https://youtu.be/bOnqx2EiDXo?si=QcT5l0VTbPWmX6w2,,0,Vlog
115,0,0,0,1080p,"This is what every Esports Athlete Needs!",Vlog,1,Longvideo,2024-02-23,1,1,00:07:23,0,Hindi,336,,"bgmi#vlog,scout#owais,owais#scout#sensei#vlog,scout#tournament,scout#pubg,scout#Pubg#vlog,scout#op",10265,1,143782,https://youtu.be/Gydq6HcPtlI?si=ILhFOlz4_JCviATy,,0,Vlog
116,0,0,0,1080p,"Solo 7 Kills & Chicken Dinner in Tournament POV + VLOG",Gaming,1,Longvideo,2024-02-15,1,1,00:12:30,0,Hindi,468,,"bgmi#vlog,scout#owais,owais#scout#sensei#vlog,scout#tournament,scout#pubg,scout#Pubg#vlog,scout#op",28009,1,342502,https://youtu.be/exWra1jnDDI?si=RxLmZZd8_-A2DY_L,,0,Game
117,0,0,0,1080p,"This is what every Esports Athlete Needs!",Gaming,1,Longvideo,2024-02-15,1,1,00:12:30,0,Hindi,468,,"bgmi#vlog,scout#owais,owais#scout#sensei#vlog,scout#tournament,scout#pubg,scout#Pubg#vlog,scout#op",28009,1,342502,https://youtu.be/exWra1jnDDI?si=RxLmZZd8_-A2DY_L,,0,Game
118,1,1,0,1080p,"Realistic Graphics with Direct X 12 Ultimate (Windows 11 Presents Gamer Fest)",Ad,1,Longvideo,2024-02-14,1,1,00:02:15,0,Hindi,173,,"bgmi#vlog,scout#owais,owais#scout#sensei#vlog,scout#tournament,scout#pubg,scout#Pubg#vlog,scout#op",3823,1,40337,https://youtu.be/PXVaOFhgigQ?si=tu2zf43igN1qHPbD,,1,Ad
119,0,0,0,1080p,"Indian Gaming Community Started Here!! #GalaxyS23 Launch",Vlog,1,Longvideo,2024-02-04,1,1,00:17:15,0,Hindi,807,,"bgmi#vlog,scout#owais,owais#scout#sensei#vlog,scout#tournament,scout#pubg,scout#Pubg#vlog,scout#op",35214,1,334611,https://youtu.be/lP8qZvu2wTM?si=_6kXHgHFSxxehtCg,,0,Vlog
120,1,1,0,1080p,"This Gaming Phone has EYE PROTECTION ü§Øü§Ø","Tech review",1,Longvideo,2024-01-21,1,1,00:04:03,0,Hindi,423,,"bgmi#vlog,scout#owais,owais#scout#sensei#vlog,scout#tournament,scout#pubg,scout#Pubg#vlog,scout#op",11845,1,166812,https://youtu.be/nQFXKr7XvaI?si=WS3RPuUe0JWSeCWt,realme,1,"Tech review"
121,0,0,0,1080p,"Your Favorite Creators Gathered in GOA | My Fitness Routine",Vlog,1,Longvideo,2024-01-19,1,1,00:20:40,0,Hindi,496,,"bgmi#vlog,scout#owais,owais#scout#sensei#vlog,scout#tournament,scout#pubg,scout#Pubg#vlog,scout#op",77742,1,1149079,https://youtu.be/baJ7Mb0IwKQ?si=DAQMXwn56qpF9YUZ,,0,Vlog
122,1,1,0,1080p,"How Gaming EVOLVED in Last Few years | Talkshow",Ad,1,Longvideo,2024-01-04,1,1,00:10:36,0,Hindi,496,,"bgmi#vlog,scout#owais,owais#scout#sensei#vlog,scout#tournament,scout#pubg,scout#Pubg#vlog,scout#op",6137,1,59763,https://youtu.be/DQ3IHcLK4Pg?si=keea0A1PpS_hTlxM,"A.C.T Fiber",1,Ad
123,0,0,0,1440p,"LONG NIGHT STREAMS ARE BACK | Scout is Live w BGMI",Gaming,1,Livestream,2024-08-18,1,1,06:07:42,0,Hindi,61,,"bgmi#vlog,scout#owais,owais#scout#sensei#vlog,scout#tournament,scout#pubg,scout#Pubg#vlog,scout#op",35498,1,378678,https://youtu.be/DQ3IHcLK4Pg?si=keea0A1PpS_hTlxM,,0,Game
124,1,1,0,1440p,"Lenovo + Intel Presents S8UL Gaming Festival | Kick Off Day 2 | FIFA 23",Ad,1,Livestream,2024-07-22,1,1,06:07:42,0,Hindi,38,,"bgmi#vlog,scout#owais,owais#scout#sensei#vlog,scout#tournament,scout#pubg,scout#Pubg#vlog,scout#op",10076,1,115136,https://www.youtube.com/live/23QtThMud6I?si=CxlqZyKeQXZgG99c,Lenovo,1,Ad
125,0,0,0,1440p,"LONG TIME NO SEE | Scout is live",Gaming,1,Livestream,2024-07-17,1,1,04:01:22,0,Hindi,109,,"bgmi#vlog,scout#owais,owais#scout#sensei#vlog,scout#tournament,scout#pubg,scout#Pubg#vlog,scout#op",39920,1,525713,https://www.youtube.com/live/cBPCm6SUigs?si=wsFw2wQ-azeN-6rM,,0,Game
126,0,0,0,1440p,"5 chicken challenge",Gaming,1,Livestream,2024-07-13,1,1,07:40:46,0,Hindi,70,,"bgmi#vlog,scout#owais,owais#scout#sensei#vlog,scout#tournament,scout#pubg,scout#Pubg#vlog,scout#op",40632,1,546904,https://www.youtube.com/live/CWpnRE9NVqA?si=talRPCQhNoxPcudz,,0,Game
127,0,0,0,1440p,"LATE NIGHT DISCUSSIONS + BGMI TOURNAMENT POV | Scout is Live w BGMI",Gaming,1,Livestream,2024-06-19,1,1,03:18:43,0,Hindi,280,,"bgmi#vlog,scout#owais,owais#scout#sensei#vlog,scout#tournament,scout#pubg,scout#Pubg#vlog,scout#op",42763,1,551364,https://www.youtube.com/live/gwuUtii64xY?si=BvxGflQCuFB7OYy_,,0,Game
128,0,0,0,1440p,"S8UL UNITES FOR ODISHA - CHARITY STREAM",Gaming,1,Livestream,2024-06-05,1,1,03:56:15,0,Hindi,510,,"bgmi#vlog,scout#owais,owais#scout#sensei#vlog,scout#tournament,scout#pubg,scout#Pubg#vlog,scout#op",105180,1,1244585,https://www.youtube.com/live/P63SL7aYTDg?si=T3raNBDclAe0use2,,0,Game
129,0,0,0,1440p,"X-Suit Crate Opening & Gifting | Scout is live",Gaming,1,Livestream,2024-06-04,1,1,03:11:35,0,Hindi,190,,"bgmi#vlog,scout#owais,owais#scout#sensei#vlog,scout#tournament,scout#pubg,scout#Pubg#vlog,scout#op",82116,1,1072242,https://www.youtube.com/live/yCuuU7lwT20?si=Ihzpsymc7pPDUl9m,,0,Game
130,0,0,0,1440p,"Back With Classic BGMI Fun | Scout is Live",Gaming,1,Livestream,2024-05-30,1,1,04:28:29,0,Hindi,163,,"bgmi#vlog,scout#owais,owais#scout#sensei#vlog,scout#tournament,scout#pubg,scout#Pubg#vlog,scout#op",78930,1,1074491,https://www.youtube.com/live/AVn20HzOLC0?si=Bg1e2o9oPZpAZYss,,0,Game
131,0,0,0,1440p,"BGMI AKHIR AA HI GAYA | sc0ut is LIVE",Gaming,1,Livestream,2024-05-29,1,1,03:58:44,0,Hindi,207,,"bgmi#vlog,scout#owais,owais#scout#sensei#vlog,scout#tournament,scout#pubg,scout#Pubg#vlog,scout#op",113888,1,1195083,https://www.youtube.com/live/LU_6TWVtZfY?si=ANXG5_lP4uN3s-Cr,,0,Game
132,0,0,0,1440p,"CONCERT KA INTEZAAR | WO PURANE DIN ?? ü•π | Scout is Live",Gaming,1,Livestream,2024-05-19,1,1,05:10:07,0,Hindi,89,,"bgmi#vlog,scout#owais,owais#scout#sensei#vlog,scout#tournament,scout#pubg,scout#Pubg#vlog,scout#op",35440,1,413034,https://www.youtube.com/live/e0_42KCpoKs?si=bSqV_F8u6C4Us5S-,,0,Game
